<?xml version="1.0" encoding="UTF-8"?>

<export>
	<info>
		<infoproject>Offline</infoproject>
		<export_version>10</export_version>
	</info>
	<module>
		<name>com.my.template</name>
		<nicename><![CDATA[my.template]]></nicename>
		<class/>
		<export-mode name="reduced"/>
		<description><![CDATA[Example module]]></description>
		<version>0.1</version>
		<authorname/>
		<authoremail/>
		<datecreated/>
		<userinstalled/>
		<dateinstalled/>
		<dependencies/>
		<exportpoints>
			<exportpoint uri="/system/modules/com.my.template/classes/" destination="WEB-INF/classes/"/>
		</exportpoints>
		<resources>
			<resource uri="/system/modules/com.my.template/"/>
			<resource uri="/system/workplace/resources/filetypes/ExampleResource.png"/>
			<resource uri="/system/workplace/resources/filetypes/ExampleResource_big.png"/>
			<resource uri="/system/workplace/resources/filetypes/blogtext.png"/>
			<resource uri="/system/workplace/resources/filetypes/blogtext_big.png"/>
		</resources>
		<excluderesources/>
		<parameters/>
		<resourcetypes>
			<type class="org.opencms.file.types.CmsResourceTypeXmlContent" name="ExampleResource" id="20573">
				<param name="schema">/system/modules/com.my.template/schemas/ExampleResource.xsd</param>
			</type>
			<type class="org.opencms.file.types.CmsResourceTypeXmlContent" name="blogtext" id="20574">
				<param name="schema">/system/modules/com.my.template/schemas/blogtext.xsd</param>
			</type>
		</resourcetypes>
		<explorertypes>
			<explorertype name="ExampleResource" key="" icon="ExampleResource.png" bigicon="ExampleResource_big.png" reference="xmlcontent">
				<newresource page="structurecontent" uri="newresource_xmlcontent.jsp?newresourcetype=ExampleResource" order="10" autosetnavigation="false" autosettitle="false" info="desc.ExampleResource"/>
			</explorertype>
			<explorertype name="blogtext" key="" icon="blogtext.png" bigicon="blogtext_big.png" reference="xmlcontent">
				<newresource page="structurecontent" uri="newresource_xmlcontent.jsp?newresourcetype=blogtext" order="10" autosetnavigation="false" autosettitle="false"/>
			</explorertype>
		</explorertypes>
	</module>
	<files>
		<file>
			<destination>system</destination>
			<type>folder</type>
			<properties/>
		</file>
		<file>
			<destination>system/modules</destination>
			<type>folder</type>
			<properties/>
		</file>
		<file>
			<destination>system/modules/com.my.template</destination>
			<type>folder</type>
			<uuidstructure>3e342c39-c3db-11e7-bd53-34e6d71c241e</uuidstructure>
			<datecreated>Tue, 07 Nov 2017 16:46:46 GMT</datecreated>
			<flags>0</flags>
			<properties/>
			<relations/>
			<accesscontrol/>
		</file>
		<file>
			<source>system/modules/com.my.template/.config</source>
			<destination>system/modules/com.my.template/.config</destination>
			<type>module_config</type>
			<uuidstructure>564eacd8-c3db-11e7-bd53-34e6d71c241e</uuidstructure>
			<uuidresource>564eacd9-c3db-11e7-bd53-34e6d71c241e</uuidresource>
			<datecreated>Tue, 07 Nov 2017 16:47:27 GMT</datecreated>
			<flags>0</flags>
			<properties>
				<property>
					<name>locale</name>
					<value><![CDATA[en]]></value>
				</property>
				<property>
					<name>locale-available</name>
					<value><![CDATA[en]]></value>
				</property>
				<property>
					<name>search.exclude</name>
					<value><![CDATA[all]]></value>
				</property>
			</properties>
			<relations/>
			<accesscontrol/>
		</file>
		<file>
			<destination>system/modules/com.my.template/classes</destination>
			<type>folder</type>
			<uuidstructure>3e4f5565-c3db-11e7-bd53-34e6d71c241e</uuidstructure>
			<datecreated>Tue, 07 Nov 2017 16:46:46 GMT</datecreated>
			<flags>0</flags>
			<properties/>
			<relations/>
			<accesscontrol/>
		</file>
		<file>
			<destination>system/modules/com.my.template/classes/com</destination>
			<type>folder</type>
			<uuidstructure>3e515137-c3db-11e7-bd53-34e6d71c241e</uuidstructure>
			<datecreated>Tue, 07 Nov 2017 16:46:46 GMT</datecreated>
			<flags>0</flags>
			<properties/>
			<relations/>
			<accesscontrol/>
		</file>
		<file>
			<destination>system/modules/com.my.template/classes/com/my</destination>
			<type>folder</type>
			<uuidstructure>3e534d09-c3db-11e7-bd53-34e6d71c241e</uuidstructure>
			<datecreated>Tue, 07 Nov 2017 16:46:46 GMT</datecreated>
			<flags>0</flags>
			<properties/>
			<relations/>
			<accesscontrol/>
		</file>
		<file>
			<destination>system/modules/com.my.template/classes/com/my/template</destination>
			<type>folder</type>
			<uuidstructure>3e5521cb-c3db-11e7-bd53-34e6d71c241e</uuidstructure>
			<datecreated>Tue, 07 Nov 2017 16:46:46 GMT</datecreated>
			<flags>0</flags>
			<properties/>
			<relations/>
			<accesscontrol/>
		</file>
		<file>
			<destination>system/modules/com.my.template/elements</destination>
			<type>folder</type>
			<uuidstructure>3e447fed-c3db-11e7-bd53-34e6d71c241e</uuidstructure>
			<datecreated>Tue, 07 Nov 2017 16:46:46 GMT</datecreated>
			<flags>0</flags>
			<properties/>
			<relations/>
			<accesscontrol/>
		</file>
		<file>
			<destination>system/modules/com.my.template/formatters</destination>
			<type>folder</type>
			<uuidstructure>3e48778f-c3db-11e7-bd53-34e6d71c241e</uuidstructure>
			<datecreated>Tue, 07 Nov 2017 16:46:46 GMT</datecreated>
			<flags>0</flags>
			<properties/>
			<relations/>
			<accesscontrol/>
		</file>
		<file>
			<source>system/modules/com.my.template/formatters/blogtext-formatter-config.xml</source>
			<destination>system/modules/com.my.template/formatters/blogtext-formatter-config.xml</destination>
			<type>formatter_config</type>
			<uuidstructure>fec2a6dd-c529-11e7-b368-34e6d71c241e</uuidstructure>
			<uuidresource>fec2a6de-c529-11e7-b368-34e6d71c241e</uuidresource>
			<datecreated>Thu, 09 Nov 2017 08:43:01 GMT</datecreated>
			<flags>0</flags>
			<properties>
				<property>
					<name>Title</name>
					<value><![CDATA[Sample formatter for blogtext]]></value>
				</property>
				<property>
					<name>locale</name>
					<value><![CDATA[en]]></value>
				</property>
				<property>
					<name>locale-available</name>
					<value><![CDATA[en]]></value>
				</property>
				<property>
					<name>search.exclude</name>
					<value><![CDATA[all]]></value>
				</property>
			</properties>
			<relations/>
			<accesscontrol/>
		</file>
		<file>
			<source>system/modules/com.my.template/formatters/blogtext-formatter.jsp</source>
			<destination>system/modules/com.my.template/formatters/blogtext-formatter.jsp</destination>
			<type>jsp</type>
			<uuidstructure>febefd5a-c529-11e7-b368-34e6d71c241e</uuidstructure>
			<uuidresource>febefd5b-c529-11e7-b368-34e6d71c241e</uuidresource>
			<datecreated>Thu, 09 Nov 2017 08:43:01 GMT</datecreated>
			<flags>0</flags>
			<properties>
				<property type="shared">
					<name>export</name>
					<value><![CDATA[false]]></value>
				</property>
			</properties>
			<relations/>
			<accesscontrol/>
		</file>
		<file>
			<source>system/modules/com.my.template/formatters/ExampleResource-formatter-config.xml</source>
			<destination>system/modules/com.my.template/formatters/ExampleResource-formatter-config.xml</destination>
			<type>formatter_config</type>
			<uuidstructure>563865b2-c3db-11e7-bd53-34e6d71c241e</uuidstructure>
			<uuidresource>563865b3-c3db-11e7-bd53-34e6d71c241e</uuidresource>
			<datecreated>Tue, 07 Nov 2017 16:47:26 GMT</datecreated>
			<flags>0</flags>
			<properties>
				<property>
					<name>Title</name>
					<value><![CDATA[Sample formatter for ExampleResource]]></value>
				</property>
				<property>
					<name>locale</name>
					<value><![CDATA[en]]></value>
				</property>
				<property>
					<name>locale-available</name>
					<value><![CDATA[en]]></value>
				</property>
				<property>
					<name>search.exclude</name>
					<value><![CDATA[all]]></value>
				</property>
			</properties>
			<relations/>
			<accesscontrol/>
		</file>
		<file>
			<source>system/modules/com.my.template/formatters/ExampleResource-formatter.jsp</source>
			<destination>system/modules/com.my.template/formatters/ExampleResource-formatter.jsp</destination>
			<type>jsp</type>
			<uuidstructure>562a5bef-c3db-11e7-bd53-34e6d71c241e</uuidstructure>
			<uuidresource>562a5bf0-c3db-11e7-bd53-34e6d71c241e</uuidresource>
			<datecreated>Tue, 07 Nov 2017 16:47:26 GMT</datecreated>
			<flags>0</flags>
			<properties>
				<property type="shared">
					<name>export</name>
					<value><![CDATA[false]]></value>
				</property>
			</properties>
			<relations/>
			<accesscontrol/>
		</file>
		<file>
			<destination>system/modules/com.my.template/i18n</destination>
			<type>folder</type>
			<uuidstructure>5621342a-c3db-11e7-bd53-34e6d71c241e</uuidstructure>
			<datecreated>Tue, 07 Nov 2017 16:47:26 GMT</datecreated>
			<flags>0</flags>
			<properties/>
			<relations/>
			<accesscontrol/>
		</file>
		<file>
			<source>system/modules/com.my.template/i18n/com.my.template.workplace_en</source>
			<destination>system/modules/com.my.template/i18n/com.my.template.workplace_en</destination>
			<type>propertyvfsbundle</type>
			<uuidstructure>56232ffc-c3db-11e7-bd53-34e6d71c241e</uuidstructure>
			<uuidresource>56232ffd-c3db-11e7-bd53-34e6d71c241e</uuidresource>
			<datecreated>Tue, 07 Nov 2017 16:47:26 GMT</datecreated>
			<flags>0</flags>
			<properties>
				<property>
					<name>search.exclude</name>
					<value><![CDATA[all]]></value>
				</property>
			</properties>
			<relations/>
			<accesscontrol/>
		</file>
		<file>
			<destination>system/modules/com.my.template/resources</destination>
			<type>folder</type>
			<uuidstructure>3e4d0b73-c3db-11e7-bd53-34e6d71c241e</uuidstructure>
			<datecreated>Tue, 07 Nov 2017 16:46:46 GMT</datecreated>
			<flags>0</flags>
			<properties/>
			<relations/>
			<accesscontrol/>
		</file>
		<file>
			<destination>system/modules/com.my.template/schemas</destination>
			<type>folder</type>
			<uuidstructure>3e4a7361-c3db-11e7-bd53-34e6d71c241e</uuidstructure>
			<datecreated>Tue, 07 Nov 2017 16:46:46 GMT</datecreated>
			<flags>0</flags>
			<properties/>
			<relations/>
			<accesscontrol/>
		</file>
		<file>
			<source>system/modules/com.my.template/schemas/blogtext.xsd</source>
			<destination>system/modules/com.my.template/schemas/blogtext.xsd</destination>
			<type>plain</type>
			<uuidstructure>fe75983f-c529-11e7-b368-34e6d71c241e</uuidstructure>
			<uuidresource>fe759840-c529-11e7-b368-34e6d71c241e</uuidresource>
			<datecreated>Thu, 09 Nov 2017 08:43:01 GMT</datecreated>
			<flags>0</flags>
			<properties>
				<property>
					<name>Title</name>
					<value><![CDATA[Sample resource type schema]]></value>
				</property>
			</properties>
			<relations/>
			<accesscontrol/>
		</file>
		<file>
			<source>system/modules/com.my.template/schemas/ExampleResource.xsd</source>
			<destination>system/modules/com.my.template/schemas/ExampleResource.xsd</destination>
			<type>plain</type>
			<uuidstructure>5603c10f-c3db-11e7-bd53-34e6d71c241e</uuidstructure>
			<uuidresource>5603c110-c3db-11e7-bd53-34e6d71c241e</uuidresource>
			<datecreated>Tue, 07 Nov 2017 16:47:26 GMT</datecreated>
			<flags>0</flags>
			<properties>
				<property>
					<name>Title</name>
					<value><![CDATA[Sample resource type schema]]></value>
				</property>
			</properties>
			<relations/>
			<accesscontrol/>
		</file>
		<file>
			<destination>system/modules/com.my.template/templates</destination>
			<type>folder</type>
			<uuidstructure>3e40884b-c3db-11e7-bd53-34e6d71c241e</uuidstructure>
			<datecreated>Tue, 07 Nov 2017 16:46:46 GMT</datecreated>
			<flags>0</flags>
			<properties/>
			<relations/>
			<accesscontrol/>
		</file>
		<file>
			<destination>system/workplace</destination>
			<type>folder</type>
			<properties/>
		</file>
		<file>
			<destination>system/workplace/resources</destination>
			<type>folder</type>
			<properties/>
		</file>
		<file>
			<destination>system/workplace/resources/filetypes</destination>
			<type>folder</type>
			<properties/>
		</file>
		<file>
			<source>system/workplace/resources/filetypes/ExampleResource.png</source>
			<destination>system/workplace/resources/filetypes/ExampleResource.png</destination>
			<type>image</type>
			<uuidstructure>560c9ab2-c3db-11e7-bd53-34e6d71c241e</uuidstructure>
			<uuidresource>560c9ab3-c3db-11e7-bd53-34e6d71c241e</uuidresource>
			<datecreated>Tue, 07 Nov 2017 16:47:26 GMT</datecreated>
			<flags>0</flags>
			<properties>
				<property>
					<name>Title</name>
					<value><![CDATA[sample-icon]]></value>
				</property>
				<property type="shared">
					<name>image.size</name>
					<value><![CDATA[w:16,h:16]]></value>
				</property>
			</properties>
			<relations/>
			<accesscontrol/>
		</file>
		<file>
			<source>system/workplace/resources/filetypes/ExampleResource_big.png</source>
			<destination>system/workplace/resources/filetypes/ExampleResource_big.png</destination>
			<type>image</type>
			<uuidstructure>561dffd6-c3db-11e7-bd53-34e6d71c241e</uuidstructure>
			<uuidresource>561dffd7-c3db-11e7-bd53-34e6d71c241e</uuidresource>
			<datecreated>Tue, 07 Nov 2017 16:47:26 GMT</datecreated>
			<flags>0</flags>
			<properties>
				<property>
					<name>Title</name>
					<value><![CDATA[sample-icon_big]]></value>
				</property>
				<property type="shared">
					<name>image.size</name>
					<value><![CDATA[w:24,h:24]]></value>
				</property>
			</properties>
			<relations/>
			<accesscontrol/>
		</file>
		<file>
			<source>system/workplace/resources/filetypes/blogtext.png</source>
			<destination>system/workplace/resources/filetypes/blogtext.png</destination>
			<type>image</type>
			<uuidstructure>fea84102-c529-11e7-b368-34e6d71c241e</uuidstructure>
			<uuidresource>fea84103-c529-11e7-b368-34e6d71c241e</uuidresource>
			<datecreated>Thu, 09 Nov 2017 08:43:01 GMT</datecreated>
			<flags>0</flags>
			<properties>
				<property>
					<name>Title</name>
					<value><![CDATA[sample-icon]]></value>
				</property>
				<property type="shared">
					<name>image.size</name>
					<value><![CDATA[w:16,h:16]]></value>
				</property>
			</properties>
			<relations/>
			<accesscontrol/>
		</file>
		<file>
			<source>system/workplace/resources/filetypes/blogtext_big.png</source>
			<destination>system/workplace/resources/filetypes/blogtext_big.png</destination>
			<type>image</type>
			<uuidstructure>feb698e6-c529-11e7-b368-34e6d71c241e</uuidstructure>
			<uuidresource>feb698e7-c529-11e7-b368-34e6d71c241e</uuidresource>
			<datecreated>Thu, 09 Nov 2017 08:43:01 GMT</datecreated>
			<flags>0</flags>
			<properties>
				<property>
					<name>Title</name>
					<value><![CDATA[sample-icon_big]]></value>
				</property>
				<property type="shared">
					<name>image.size</name>
					<value><![CDATA[w:24,h:24]]></value>
				</property>
			</properties>
			<relations/>
			<accesscontrol/>
		</file>
	</files>
</export>
