<?xml version="1.0" encoding="UTF-8"?>

<NewFormatters xmlns:xsi="http://www.w3.org/2001/XMLSchema-instance" xsi:noNamespaceSchemaLocation="opencms://system/modules/org.opencms.ade.config/schemas/formatters/new_formatter.xsd">
  <NewFormatter language="en">
    <NiceName><![CDATA[Sample formatter for blogtext]]></NiceName>
    <Type><![CDATA[blogtext]]></Type>
    <Jsp>
      <link type="WEAK">
        <target><![CDATA[/system/modules/com.my.template/formatters/blogtext-formatter.jsp]]></target>
        <uuid>febefd5a-c529-11e7-b368-34e6d71c241e</uuid>
      </link>
    </Jsp>
    <Rank><![CDATA[1000]]></Rank>
    <Match>
      <Width>
        <Width><![CDATA[-1]]></Width>
      </Width>
    </Match>
    <Preview>false</Preview>
    <SearchContent>true</SearchContent>
    <AutoEnabled>true</AutoEnabled>
    <Detail>true</Detail>
    <NestedContainers>false</NestedContainers>
  </NewFormatter>
</NewFormatters>
